[{"nome":"Tchinche","cognome":"Kevin","data":"07/01/2023","ora":"22:23","entrata":true,"uscita":false},{"nome":"Tchinche","cognome":"Kevin","data":"07/01/2023","ora":"22:26","entrata":false,"uscita":true},{"nome":"Tchinche","cognome":"Kevin","data":"09/01/2023","ora":"10:04","entrata":true,"uscita":false},{"nome":"Tchinche","cognome":"Kevin","data":"09/01/2023","ora":"10:05","entrata":false,"uscita":true},{"nome":"Tchinche","cognome":"Kevin","data":"09/01/2023","ora":"10:07","entrata":false,"uscita":true},{"nome":"Tchinche","cognome":"Kevin","data":"09/01/2023","ora":"12:40","entrata":true,"uscita":false},{"nome":"Tchinche","cognome":"Kevin","data":"09/01/2023","ora":"12:40","entrata":false,"uscita":true}]