[{"nome":"Mario","cognome":"Rossi","email":"mariorossi@gmail.com","numero_telefono":"365-39-99188","appuntamento":"spid","descrizione":"Buongiorno ho visto che posso fare da voi lo SPID, potete gentilmente fornirmi la lista dei documenti necessari? Grazie e buona giornata.","data":"2023-01-16","ora":"10:30"},{"nome":"Heloi­sa","cognome":"Teixeira","email":"heloisateixeira@gmail.com","numero_telefono":"384-63-72915","appuntamento":"permesso","descrizione":"Buongiorno, sto prendendo appuntamento per permesso di soggiorno, sapete dirmi se c\u0027è da fare la fila per quando ho prenotato?","data":"2023-01-17","ora":"15:00"},{"nome":"Marie","cognome":"Michel","email":"mariemichel@gmail.com","numero_telefono":"371-88-93540","appuntamento":"ricongiungimento","descrizione":"Ho preso appuntamento per portare in Italia mio marito, ci siamo sposati in francia nel 2013 e io sono in italia da più di 5 anni, che documenti ha bisogno mio marito in caso quando veniamo li?","data":"2023-01-18","ora":"10:30"},{"nome":"Federico","cognome":"Romagnoli","email":"federicoromagnoli@gmail.com","numero_telefono":"311-05-52832","appuntamento":"spid","descrizione":"Buongiorno ho preso appuntamento da voi per venire li e avere più informazioni per ottenere lo SPID, sapete indicarmi se ho bisogno di documenti aggiuntivi?","data":"2023-01-19","ora":"16:30"},{"nome":"Hanbiken","cognome":"Gul","email":"hanbikngul@gmail.com","numero_telefono":"310-08-92643","appuntamento":"cittadinanza","descrizione":"Ho preso appuntamento per fare la cittadinanza italiana, ho il permesso di soggiorno più di 5 anni fa ormai, sono ideneo per la cittadinanza?","data":"2023-01-20","ora":"10:30"},{"nome":"Mario","cognome":"Rossi","email":"mariorossi@gmail.com","numero_telefono":"365-39-99188","appuntamento":"permesso","descrizione":"Permesso ","data":"2023-01-11","ora":"17:29"}]