[{"nome":"Tchinche","cognome":"Kevin","email":"jaguarsteve21@gmail.com","numero_telefono":"3271885247","appuntamento":"servizifiscali","descrizione":"gfgdf","data":"2023-01-12","ora":"23:33"},{"nome":"Tchinche","cognome":"Kevin","email":"jaguarsteve21@gmail.com","numero_telefono":"3271885247","appuntamento":"isee730","descrizione":"sadsad","data":"2023-01-04","ora":"21:33"},{"nome":"Eleonora","cognome":"Musk","email":"nonsidice@gmail.com","numero_telefono":"3482760657","appuntamento":"spid","descrizione":"voglio fare il spid","data":"2023-01-11","ora":"10:00"}]